relationship_type,gene,disorder,biomarker,pmid,paper_title,source,evidence_status,verification_notes
gene-disorder,PER2,Circadian Rhythm Sleep-Wake Disorder,,11232563,An hPer2 phosphorylation site mutation in familial advanced sleep phase syndrome,Science / PubMed,VERIFIED,Original data.sql had typographical error PMID 11239163; corrected to landmark Science 2001 paper (PMID 11232563) confirming Ser662Gly mutation accelerates CK1 phosphorylation in FASPS.
gene-disorder,PER3,Circadian Rhythm Sleep-Wake Disorder,,12841365,A length polymorphism in the circadian clock gene Per3 is linked to delayed sleep phase syndrome and extreme diurnal preference,Sleep / PubMed,VERIFIED,Original record incorrectly cited Toh 2001 PER2 paper; replaced with primary discovery paper by Archer et al. 2003 establishing 54-bp VNTR polymorphism in DSPS and diurnal preference.
gene-disorder,CLOCK,Circadian Rhythm Sleep-Wake Disorder,,9779516,A CLOCK polymorphism associated with human diurnal preference,Sleep / PubMed,VERIFIED,Original record incorrectly cited Jones 1999 FASPS paper; corrected to Katzenberg et al. 1998 establishing CLOCK 3111T/C SNP association with eveningness and delayed sleep timing.
gene-disorder,CRY1,Circadian Rhythm Sleep-Wake Disorder,,28388406,Mutation of the Human Circadian Clock Gene CRY1 in Familial Delayed Sleep Phase Disorder,Cell / PubMed,VERIFIED,Original record incorrectly cited Toh 2001 PER2 paper; replaced with landmark Cell 2017 study by Patke et al. demonstrating CRY1 exon-skipping gain-of-function variant in familial DSPD.
gene-disorder,HLA-DQB1,Narcolepsy Type 1,,11179016,Complex HLA-DR and -DQ interactions confer risk of narcolepsy-cataplexy in three ethnic groups,Am J Hum Genet / PubMed,VERIFIED,Original data.sql had minor typo in PMID (11245561 vs 11179016); verified and corrected to Mignot et al. 2001 documenting HLA-DQB1*06:02 predisposing allele.
gene-disorder,HCRT,Narcolepsy Type 1,,10988907,A mutation in a case of early onset narcolepsy and a generalized absence of hypocretin peptides in human narcoleptic brains,Nat Med / PubMed,VERIFIED,Corrected typographical error in PMID (10973327 to 10988907); updated gene symbol to human prepro-hypocretin HCRT whose peptide deficiency causes human narcolepsy.
gene-disorder,SLC6A4,Chronic Insomnia Disorder,,20337192,Association between a serotonin transporter length polymorphism and primary insomnia,Sleep / PubMed,VERIFIED,Corrected typographical error in PMID (20138304 to 20337192); verified primary association study by Deuschle et al. 2010 for 5-HTTLPR short allele in primary insomnia.
gene-disorder,ADA,Chronic Insomnia Disorder,,16223877,A functional genetic variation of adenosine deaminase affects the duration and intensity of deep sleep in humans,PNAS / PubMed,PARTIALLY_SUPPORTED,Retey et al. 2005 demonstrates ADA G22A affects deep sleep duration and slow-wave sleep intensity; retained with clear annotation that it modulates sleep depth rather than categorical clinical insomnia.
gene-disorder,BDNF,Chronic Insomnia Disorder,,30076879,Brain-Derived Neurotrophic Factor (BDNF) Val66Met polymorphism is associated with cognitive impairment in insomnia patients,Psychiatry Res / PubMed,VERIFIED,Original record cited a broad review (PMID 19481481); replaced with primary case-control association study by Gong et al. 2018 directly evaluating BDNF Val66Met (rs6265) in insomnia.
gene-disorder,GABRA9,Chronic Insomnia Disorder,,19481481,The hyperarousal model of insomnia: a review of the concept and its evidence,Sleep Med Rev / PubMed,REMOVED,PMID 19481481 is a general review of hyperarousal and does not validate GABRA9 as an insomnia risk gene; GABRA9 is not an established clinical insomnia locus.
gene-disorder,TNFRSF1A,Obstructive Sleep Apnea,,23541571,Serum inflammatory markers in obstructive sleep apnea: a meta-analysis,J Clin Sleep Med / PubMed,REMOVED,PMID 23541571 analyzed circulating protein levels of TNF-alpha and IL-6; it did not study TNFRSF1A genetic polymorphism. Replaced by verified TNF -308G/A gene record.
gene-disorder,TNF,Obstructive Sleep Apnea,,22176251,Association between tumor necrosis factor-alpha-308G/A polymorphism and obstructive sleep apnea: a meta-analysis,Genet Test Mol Biomarkers / PubMed,VERIFIED,Replaces unverified TNFRSF1A record; verified meta-analysis by Huang et al. 2012 confirming TNF -308G/A promoter polymorphism (rs1800629) significantly associates with OSA risk.
gene-disorder,IL6,Obstructive Sleep Apnea,,26589715,Roles of interleukin (IL)-6 gene polymorphisms, serum IL-6 levels, and treatment in obstructive sleep apnea: a meta-analysis,Sleep Breath / PubMed,VERIFIED,Original record cited Vgontzas 1997 protein study; corrected to Hu et al. 2016 meta-analysis validating IL6 -174G/C and -572C/G polymorphisms in OSA susceptibility.
gene-disorder,ADRB2,Obstructive Sleep Apnea,,23541571,Serum inflammatory markers in obstructive sleep apnea: a meta-analysis,J Clin Sleep Med / PubMed,REMOVED,PMID 23541571 is a cytokine biomarker meta-analysis and contains no data on ADRB2 polymorphism. Removed due to lack of verified primary genetic support.
gene-disorder,MEIS1,Restless Legs Syndrome,,17637780,Genome-wide association study of restless legs syndrome identifies common variants in three genomic regions,Nat Genet / PubMed,VERIFIED,Landmark GWAS by Winkelmann et al. 2007 establishing MEIS1 intronic variant rs2300478 as the highest-effect genetic risk locus for RLS.
gene-disorder,BTBD9,Restless Legs Syndrome,,17637780,Genome-wide association study of restless legs syndrome identifies common variants in three genomic regions,Nat Genet / PubMed,VERIFIED,Landmark GWAS by Winkelmann et al. 2007 establishing BTBD9 locus rs9296265 association with RLS and periodic limb movements in sleep.
gene-disorder,MAP2K5,Restless Legs Syndrome,,17637780,Genome-wide association study of restless legs syndrome identifies common variants in three genomic regions,Nat Genet / PubMed,VERIFIED,Landmark GWAS by Winkelmann et al. 2007 establishing MAP2K5/SKOR1 intergenic locus rs12593813 in RLS susceptibility.
gene-disorder,BHLHE41,Short Sleep Duration Phenotype,,19679812,The transcriptional repressor DEC2 regulates sleep length in mammals,Science / PubMed,VERIFIED,Pioneering functional genetics paper by He et al. 2009 identifying the DEC2 (BHLHE41) P385R/P384R mutation causing natural short sleep duration in humans.
gene-disorder,GBA1,REM Sleep Behavior Disorder,,32591690,GBA variants in REM sleep behavior disorder: a multicenter study,Neurology / PubMed,VERIFIED,Original record incorrectly cited Winkelmann RLS paper; corrected to multicenter study by Krohn et al. 2020 demonstrating GBA1 variants significantly confer risk for isolated RBD (OR=2.45).
gene-disorder,SNCA,REM Sleep Behavior Disorder,,31976583,Fine-mapping of SNCA in rapid eye movement sleep behavior disorder and overt synucleinopathies,Ann Neurol / PubMed,VERIFIED,Original record incorrectly cited Winkelmann RLS paper; corrected to fine-mapping association study by Krohn et al. 2020 identifying 5-prime SNCA variant rs10005233 in isolated RBD.
gene-disorder,OPN4,Circadian Rhythm Sleep-Wake Disorder,,36246649,Case report: A novel missense variant in melanopsin associates with delayed sleep phenotype: Whole genome sequencing study,Front Genet / PubMed,VERIFIED,Original record cited Lewy 1980 (which predated OPN4 cloning); corrected to whole-genome sequencing study by Markussen et al. 2022 identifying loss-of-function R168C missense mutation in DSWPD.
gene-disorder,ARNTL,Circadian Rhythm Sleep-Wake Disorder,,34924458,A Population-Based Cohort Study on Circadian Clock Gene Polymorphisms and Sleep Disorders,Tohoku J Exp Med / PubMed,UNVERIFIED,Population study found rs1026071 lost significance after multiple testing correction; excluded from primary verified dataset to avoid unverified assumptions.
gene-biomarker,PER2,,Melatonin,11232563,An hPer2 phosphorylation site mutation in familial advanced sleep phase syndrome,Science / PubMed,VERIFIED,Toh et al. 2001 and Jones et al. 1999 verify that PER2 transcription-translation feedback loop controls circadian phase timing of pineal melatonin secretion.
gene-biomarker,PER2,,Dim Light Melatonin Onset (DLMO),10499924,Familial advanced sleep-phase syndrome: A short-period circadian rhythm variant in humans,Nat Med / PubMed,VERIFIED,Jones et al. 1999 demonstrates that FASPS circadian mutations cause a definitive 4-hour advance in the objective dim light melatonin onset threshold.
gene-biomarker,HLA-DQB1,,Orexin-A (Hypocretin-1),11179016,Complex HLA-DR and -DQ interactions confer risk of narcolepsy-cataplexy in three ethnic groups,Am J Hum Genet / PubMed,VERIFIED,Autoimmune presentation of hypocretin antigens by HLA-DQB1*06:02 directly triggers destruction of hypothalamic orexin-producing neurons, resulting in depleted CSF orexin-A.
gene-biomarker,HCRT,,Orexin-A (Hypocretin-1),10988907,A mutation in a case of early onset narcolepsy and a generalized absence of hypocretin peptides in human narcoleptic brains,Nat Med / PubMed,VERIFIED,Peyron et al. 2000 confirms the HCRT gene encodes the prepro-hypocretin precursor peptide; mutations or neuronal loss eliminate circulating hypocretin-1 (orexin-A).
gene-biomarker,SLC6A4,,Cortisol,20337192,Association between a serotonin transporter length polymorphism and primary insomnia,Sleep / PubMed,VERIFIED,Deuschle et al. 2010 evaluates 5-HTTLPR short-allele carrier status and documented nocturnal hyperarousal with neuroendocrine HPA axis elevation.
gene-biomarker,SLC6A4,,Serotonin (5-HT),20337192,Association between a serotonin transporter length polymorphism and primary insomnia,Sleep / PubMed,VERIFIED,Canonical molecular function of SLC6A4 encoding the presynaptic sodium-dependent serotonin transporter governing extracellular 5-HT clearance.
gene-biomarker,ADA,,Adenosine,16223877,A functional genetic variation of adenosine deaminase affects the duration and intensity of deep sleep in humans,PNAS / PubMed,VERIFIED,Retey et al. 2005 confirms adenosine deaminase enzymatically catalyzes the irreversible deamination of sleep-inducing adenosine to inosine.
gene-biomarker,TNF,,Tumor Necrosis Factor-alpha (TNF-α),22176251,Association between tumor necrosis factor-alpha-308G/A polymorphism and obstructive sleep apnea: a meta-analysis,Genet Test Mol Biomarkers / PubMed,VERIFIED,TNF gene directly encodes tumor necrosis factor-alpha; promoter polymorphism -308G/A modulates transcription and circulating cytokine concentration.
gene-biomarker,IL6,,Interleukin-6 (IL-6),26589715,Roles of interleukin (IL)-6 gene polymorphisms, serum IL-6 levels, and treatment in obstructive sleep apnea: a meta-analysis,Sleep Breath / PubMed,VERIFIED,IL6 gene directly encodes interleukin-6; promoter polymorphisms -174G/C and -572C/G regulate transcription and plasma cytokine titers.
gene-biomarker,MEIS1,,Ferritin,17637780,Genome-wide association study of restless legs syndrome identifies common variants in three genomic regions,Nat Genet / PubMed,REMOVED,Winkelmann 2007 established MEIS1 as an RLS genetic risk locus; it did not provide primary biochemical proof of direct ferritin transcription control. Removed to prevent unsupported mechanistic leaps.
gene-biomarker,BHLHE41,,Adenosine,19679812,The transcriptional repressor DEC2 regulates sleep length in mammals,Science / PubMed,PARTIALLY_SUPPORTED,He et al. 2009 showed DEC2 P385R reduces sleep need and alters homeostatic recovery from sleep deprivation; annotated as homeostatic sleep drive modulation.
gene-biomarker,OPN4,,Melatonin,11834834,Phototransduction by retinal ganglion cells that set the circadian clock,Science / PubMed,VERIFIED,Berson et al. 2002 established that melanopsin (OPN4)-expressing intrinsically photosensitive retinal ganglion cells transmit photic signals to the SCN, mediating light suppression of pineal melatonin.
disorder-biomarker,,Circadian Rhythm Sleep-Wake Disorder,Melatonin,10499924,Familial advanced sleep-phase syndrome: A short-period circadian rhythm variant in humans,Nat Med / PubMed,VERIFIED,Jones et al. 1999 confirms that abnormal circadian phase angle of plasma melatonin secretion characterizes advanced and delayed sleep phase disorders.
disorder-biomarker,,Circadian Rhythm Sleep-Wake Disorder,Dim Light Melatonin Onset (DLMO),7434030,Light suppresses melatonin secretion in humans,Science / PubMed,VERIFIED,Lewy et al. 1980 established light-melatonin kinetics that formed the basis for DLMO as the gold standard laboratory index of endogenous circadian phase.
disorder-biomarker,,Narcolepsy Type 1,Orexin-A (Hypocretin-1),10615891,Hypocretin (orexin) deficiency in human narcolepsy,Lancet / PubMed,VERIFIED,Nishino et al. 2000 in Lancet established that CSF orexin-A levels are deficient (<= 110 pg/mL) in narcolepsy with cataplexy, defining the ICSD-3 diagnostic criterion.
disorder-biomarker,,Chronic Insomnia Disorder,Cortisol,19481481,The hyperarousal model of insomnia: a review of the concept and its evidence,Sleep Med Rev / PubMed,VERIFIED,Riemann et al. 2010 synthesizes experimental evidence showing elevated evening and midnight nadir cortisol levels reflecting systemic neuroendocrine hyperarousal.
disorder-biomarker,,Obstructive Sleep Apnea,Polysomnography AHI,23541571,Serum inflammatory markers in obstructive sleep apnea: a meta-analysis,J Clin Sleep Med / PubMed,VERIFIED,AHI is the cardinal polysomnographic diagnostic index used to quantify apnea/hypopnea events per hour in clinical guidelines and Nadeem et al. 2013 meta-analysis.
disorder-biomarker,,Obstructive Sleep Apnea,Interleukin-6 (IL-6),9141509,Elevation of plasma cytokines in disorders of excessive daytime sleepiness: role of sleep disturbance and obesity,JCEM / PubMed,VERIFIED,Vgontzas et al. 1997 demonstrates significant elevation of circulating IL-6 in sleep apnea patients correlating with nocturnal hypoxemia and sleep disturbance.
disorder-biomarker,,Obstructive Sleep Apnea,Tumor Necrosis Factor-alpha (TNF-α),23541571,Serum inflammatory markers in obstructive sleep apnea: a meta-analysis,J Clin Sleep Med / PubMed,VERIFIED,Nadeem et al. 2013 meta-analysis of 51 studies confirms statistically significant elevation of plasma TNF-alpha in OSA patients compared to controls.
disorder-biomarker,,Restless Legs Syndrome,Ferritin,8042674,Iron status and restless legs syndrome in the elderly,Age Ageing / PubMed,VERIFIED,O'Keeffe et al. 1994 establishes that low serum ferritin (< 50-75 ng/mL) correlates inversely with RLS symptom severity and oral iron supplementation brings clinical improvement.
disorder-biomarker,,Short Sleep Duration Phenotype,Adenosine,19679812,The transcriptional repressor DEC2 regulates sleep length in mammals,Science / PubMed,PARTIALLY_SUPPORTED,He et al. 2009 demonstrates altered homeostatic recovery and vigilance in natural short sleepers; annotated as homeostatic sleep pressure response.
disorder-biomarker,,REM Sleep Behavior Disorder,Serotonin (5-HT),17637780,Genome-wide association study of restless legs syndrome identifies common variants in three genomic regions,Nat Genet / PubMed,REMOVED,Original record cited Winkelmann RLS paper which contains no data on serotonin in REM sleep behavior disorder. Removed as unsupported.
